{
  "west": 8.32578308778385,
  "south": 1.6449319133419826,
  "east": 16.22721364030433,
  "north": 13.170540725077435
}